http://i.imgur.com/FApqk3D.jpg,fefffe,35f53,e96814
http://i.imgur.com/TKLs9lo.jpg,fbfbfb,4e3a3c,9d9a99
https://i.redd.it/d8021b5i2moy.jpg,916247,c8bba4,281e21
https://i.redd.it/4m5yk8gjrtzy.jpg,250f0b,c0a598,734a36
https://i.redd.it/xae65ypfqycy.jpg,723836,efebeb,c2453c
http://i.imgur.com/lcEUZHv.jpg,fbfafc,454549,cbbeb7
https://i.redd.it/1nlgrn49x7ry.jpg,2b261e,caba9f,756b5b
http://i.imgur.com/M3NOzLC.jpg,614930,928c7d,fdfdfb
https://i.redd.it/w5q6gldnvcuy.jpg,1f1d2e,e0cfcf,947378
https://i.redd.it/s5viyluv421z.jpg,704c2b,f3e8d0,b9864e
https://i.redd.it/h5t3qddvvzry.jpg,13100e,6f5c4e,ae9c8c
https://i.redd.it/ftd3sx5ah13z.jpg,b25940,d2b7a8,574d49
https://i.redd.it/7ofdqmp53bzy.jpg,a58f78,4d3830,d9cbbe
http://i.imgur.com/sXhEQez.jpg,fafafa,b0b0b,838383
https://i.redd.it/cwljeujku33z.jpg,473f3f,e4dfda,c5a47a
https://i.redd.it/fsuv32a1cc9y.jpg,f8f4f2,4c3733,9f8375
http://i.imgur.com/enhDnTM.jpg,b9a39a,98080,7ba448
http://i.imgur.com/tyDhTll.jpg,221a13,d6cdbe,74674f
http://i.imgur.com/puEqa4C.jpg,8a8493,3a2925,e75135
https://i.redd.it/ihczg3pmle3z.jpg,a7b09f,818c7a,3d473b
https://i.redd.it/cpkq97klre4z.jpg,857f6e,a4a190,545344
http://i.imgur.com/RycdbMO.jpg,353e46,cfd0ca,8b8d8a
https://i.redd.it/sn7ufk9fsv4z.jpg,7c5c57,b8b6b2,272425
https://i.redd.it/n9jq5j2tatcy.jpg,3e3f3c,d4d9d5,9f987e
https://i.redd.it/0qow2dksb34z.jpg,b5b29c,7d8250,3a4429
http://i.imgur.com/pt9rmrv.jpg,d4a38b,1c2f44,fae8d9
http://i.imgur.com/6pnYQUv.jpg,d1d4d2,242528,6d839b
https://i.imgur.com/HRgRMOw.jpg,a7a89c,488790,4b4d45
https://i.redd.it/rubsfuf64lvy.jpg,3b393c,dce4ee,b3ac9c
https://i.redd.it/nrafqoujmety.jpg,342a28,c9a8a5,906956
https://i.redd.it/ru12lvaf7jyy.jpg,977f7d,342524,c2b7ba
https://i.redd.it/c5pk0vnpg3ty.jpg,6f81cb,f5f5f7,1d1e31
http://i.imgur.com/qvnjbVw.jpg,a4a9ae,5c543d,87877f
https://i.redd.it/ax4eueu0szpy.jpg,c3b6bb,2d3637,968684
https://i.redd.it/guul6eld2soy.jpg,9d9280,4d412e,a3fb3
http://i.imgur.com/Gh2I3pq.jpg,af9886,42342a,cbbaa9
https://i.redd.it/m4cfqp8wfv5z.jpg,d4d2d2,25282d,8b7f7a
https://i.redd.it/tb5pckm6e72y.jpg,9f9c93,2f2b26,d4d5cd
https://i.redd.it/fyqzavufvjwy.jpg,d4b291,4b3428,947764
https://i.redd.it/lsuw4p2ncyny.jpg,412f21,ab8048,d0ccc7
http://i.imgur.com/FApqk3D.jpg,4927f,fefffe,98430d
http://i.imgur.com/TKLs9lo.jpg,fbfbfb,4e3a3c,9d9a99
https://i.redd.it/d8021b5i2moy.jpg,916247,c8bba4,281e21
https://i.redd.it/4m5yk8gjrtzy.jpg,250f0b,734a36,c0a598
https://i.redd.it/xae65ypfqycy.jpg,c44137,efeaea,743b3a
http://i.imgur.com/lcEUZHv.jpg,fbfafc,454549,cbbeb7
https://i.redd.it/1nlgrn49x7ry.jpg,756b5b,caba9f,2b261e
http://i.imgur.com/M3NOzLC.jpg,614930,fdfdfb,928c7d
https://i.redd.it/w5q6gldnvcuy.jpg,1f1d2e,e0cfcf,947378
https://i.redd.it/s5viyluv421z.jpg,b9864e,704c2b,f3e8d0
https://i.redd.it/h5t3qddvvzry.jpg,ae9c8c,13100e,6f5c4e
https://i.redd.it/ftd3sx5ah13z.jpg,8e4736,b97862,e4d8ce
https://i.redd.it/7ofdqmp53bzy.jpg,a58f78,4d3830,d9cbbe
http://i.imgur.com/sXhEQez.jpg,fafafa,b0b0b,848484
https://i.redd.it/cwljeujku33z.jpg,e4dfda,c5a47a,473f3f
https://i.redd.it/fsuv32a1cc9y.jpg,9f8375,f8f4f2,4c3733
http://i.imgur.com/enhDnTM.jpg,b9a39a,98080,7ba448
http://i.imgur.com/tyDhTll.jpg,74674f,221a13,d6cdbe
http://i.imgur.com/puEqa4C.jpg,e75135,3a2925,8a8493
https://i.redd.it/ihczg3pmle3z.jpg,a7b09f,818c7a,3d473b
https://i.redd.it/cpkq97klre4z.jpg,857f6e,a4a190,545344
http://i.imgur.com/RycdbMO.jpg,cfd0ca,353e46,8b8d8a
https://i.redd.it/sn7ufk9fsv4z.jpg,c1bfbe,7f7871,4a2828
https://i.redd.it/n9jq5j2tatcy.jpg,d4d9d5,3e3f3c,9f987e
https://i.redd.it/0qow2dksb34z.jpg,7d8250,b5b39c,3a4429
http://i.imgur.com/pt9rmrv.jpg,d4a38b,fae8d9,1c2f44
http://i.imgur.com/6pnYQUv.jpg,a1a2a3,27292b,872de
https://i.imgur.com/HRgRMOw.jpg,6e835b,82a4b5,40494c
https://i.redd.it/rubsfuf64lvy.jpg,c3c1bb,4f4a2f,90d70
https://i.redd.it/nrafqoujmety.jpg,906956,342a28,c9a8a5
https://i.redd.it/ru12lvaf7jyy.jpg,baaeaf,2d2120,846561
https://i.redd.it/c5pk0vnpg3ty.jpg,6f81cb,f5f5f7,1e1f31
http://i.imgur.com/qvnjbVw.jpg,a4a9ae,5c543d,87877f
https://i.redd.it/ax4eueu0szpy.jpg,c3b6bb,2c3636,968683
https://i.redd.it/guul6eld2soy.jpg,887b69,c4c0ae,36383f
http://i.imgur.com/Gh2I3pq.jpg,cbbaa9,42342a,af9886
https://i.redd.it/m4cfqp8wfv5z.jpg,8b7f7a,d4d2d2,25282d
https://i.redd.it/tb5pckm6e72y.jpg,2f2b26,d4d5cd,9f9c93
https://i.redd.it/fyqzavufvjwy.jpg,d4b191,4b3428,947764
https://i.redd.it/lsuw4p2ncyny.jpg,d0ccc7,412f21,ab8048
http://i.imgur.com/FApqk3D.jpg,fefffe,35f53,e96814
http://i.imgur.com/TKLs9lo.jpg,fbfbfb,9d9a99,4e3a3c
https://i.redd.it/d8021b5i2moy.jpg,c8bba4,916247,281e21
https://i.redd.it/4m5yk8gjrtzy.jpg,c0a598,250f0b,734a36
https://i.redd.it/xae65ypfqycy.jpg,b89695,9e3a33,f3f2f2
http://i.imgur.com/lcEUZHv.jpg,cbbeb7,fbfafc,454549
https://i.redd.it/1nlgrn49x7ry.jpg,caba9f,2b261e,756b5b
http://i.imgur.com/M3NOzLC.jpg,fdfdfb,928c7d,614930
https://i.redd.it/w5q6gldnvcuy.jpg,1f1d2e,e0cfcf,947378
https://i.redd.it/s5viyluv421z.jpg,704c2b,f3e8d0,b9864e
https://i.redd.it/h5t3qddvvzry.jpg,13100e,ae9b8c,6f5c4d
https://i.redd.it/ftd3sx5ah13z.jpg,b25940,d2b7a8,574d49
https://i.redd.it/7ofdqmp53bzy.jpg,d9cbbe,4d3830,a58f78
http://i.imgur.com/sXhEQez.jpg,b0b0b,fafafa,838383
https://i.redd.it/cwljeujku33z.jpg,f4f1ee,ab8c68,e3ddd7
https://i.redd.it/fsuv32a1cc9y.jpg,f8f4f2,4c3733,9f8375
http://i.imgur.com/enhDnTM.jpg,b9a39a,98080,7ba448
http://i.imgur.com/tyDhTll.jpg,74674f,221a13,d6cdbe
http://i.imgur.com/puEqa4C.jpg,8a8493,3a2925,e75135
https://i.redd.it/ihczg3pmle3z.jpg,a7b09f,3d473b,818c7a
https://i.redd.it/cpkq97klre4z.jpg,545344,a4a190,857f6e
http://i.imgur.com/RycdbMO.jpg,8c8d8a,353f46,cfd0ca
https://i.redd.it/sn7ufk9fsv4z.jpg,4b2829,c1c0bf,7f7871
https://i.redd.it/n9jq5j2tatcy.jpg,d4d9d5,3e3f3c,9f987e
https://i.redd.it/0qow2dksb34z.jpg,3a4429,b5b29c,7d8250
http://i.imgur.com/pt9rmrv.jpg,d4a38b,fae8d9,1c2f44
http://i.imgur.com/6pnYQUv.jpg,6d839b,242528,d1d4d2
https://i.imgur.com/HRgRMOw.jpg,5193b7,4a5d4e,aea694
https://i.redd.it/rubsfuf64lvy.jpg,3b393c,dce4ee,b3ac9c
https://i.redd.it/nrafqoujmety.jpg,906956,c9a8a5,342a28
https://i.redd.it/ru12lvaf7jyy.jpg,2d2120,baaeaf,846561
https://i.redd.it/c5pk0vnpg3ty.jpg,f5f5f7,6f81cb,1d1e31
http://i.imgur.com/qvnjbVw.jpg,828176,a4a8ad,5a513b
https://i.redd.it/ax4eueu0szpy.jpg,968684,2d3637,c3b6bb
https://i.redd.it/guul6eld2soy.jpg,887b69,36383f,c4c0ae
http://i.imgur.com/Gh2I3pq.jpg,c2ad9b,362820,766150
https://i.redd.it/m4cfqp8wfv5z.jpg,d4d2d2,25282d,8b7f7a
https://i.redd.it/tb5pckm6e72y.jpg,9f9c93,d4d5cd,2f2b26
https://i.redd.it/fyqzavufvjwy.jpg,d4b291,4b3428,947764
https://i.redd.it/lsuw4p2ncyny.jpg,412f21,ab8048,d0ccc7
http://i.imgur.com/FApqk3D.jpg,e96814,fefffe,35f53
http://i.imgur.com/TKLs9lo.jpg,fbfbfb,4e3a3c,9d9a99
https://i.redd.it/d8021b5i2moy.jpg,916247,c8bba4,281e21
https://i.redd.it/4m5yk8gjrtzy.jpg,734a36,c0a598,250f0b
https://i.redd.it/xae65ypfqycy.jpg,743b3a,efeaea,c44137
http://i.imgur.com/lcEUZHv.jpg,cbbeb7,fbfafc,454549
https://i.redd.it/1nlgrn49x7ry.jpg,756b5b,caba9f,2b261e
http://i.imgur.com/M3NOzLC.jpg,614930,928c7d,fdfdfb
https://i.redd.it/w5q6gldnvcuy.jpg,1f1d2e,947378,e0cfcf
https://i.redd.it/s5viyluv421z.jpg,b9864e,704c2b,f3e8d0
https://i.redd.it/h5t3qddvvzry.jpg,6f5c4e,13100e,ae9c8c
https://i.redd.it/ftd3sx5ah13z.jpg,d2b7a8,b25940,574d49
https://i.redd.it/7ofdqmp53bzy.jpg,a58f78,d9cbbe,4d3830
http://i.imgur.com/sXhEQez.jpg,fafafa,b0b0b,838383
https://i.redd.it/cwljeujku33z.jpg,c6a47a,473f3f,e4dfda
https://i.redd.it/fsuv32a1cc9y.jpg,9f8375,4c3733,f8f4f2
http://i.imgur.com/enhDnTM.jpg,b9a39a,98080,7ba448
http://i.imgur.com/tyDhTll.jpg,221a13,d6cdbe,74674f
http://i.imgur.com/puEqa4C.jpg,3a2925,8a8493,e75135
https://i.redd.it/ihczg3pmle3z.jpg,a7b09f,3d473b,818c7a
https://i.redd.it/cpkq97klre4z.jpg,a4a190,545344,857f6e
http://i.imgur.com/RycdbMO.jpg,353f46,cfd0ca,8c8d8a
https://i.redd.it/sn7ufk9fsv4z.jpg,272425,7c5c57,b8b6b2
https://i.redd.it/n9jq5j2tatcy.jpg,d4d9d5,3e3f3c,9f987e
https://i.redd.it/0qow2dksb34z.jpg,3a4429,7d8250,b5b39c
http://i.imgur.com/pt9rmrv.jpg,f6dcc9,626472,e101a
http://i.imgur.com/6pnYQUv.jpg,872de,a1a2a3,27292b
https://i.imgur.com/HRgRMOw.jpg,488790,a7a89c,4b4d45
https://i.redd.it/rubsfuf64lvy.jpg,3b393c,dce4ee,b3ac9c
https://i.redd.it/nrafqoujmety.jpg,c9a8a5,342a28,906956
https://i.redd.it/ru12lvaf7jyy.jpg,c2b7ba,342524,977f7d
https://i.redd.it/c5pk0vnpg3ty.jpg,6f81cb,f5f5f7,1d1e31
http://i.imgur.com/qvnjbVw.jpg,979a9d,615943,a8adb2
https://i.redd.it/ax4eueu0szpy.jpg,2c3636,c3b6bb,968683
https://i.redd.it/guul6eld2soy.jpg,36383f,887b69,c5c0af
http://i.imgur.com/Gh2I3pq.jpg,af9886,42342a,cbbaa9
https://i.redd.it/m4cfqp8wfv5z.jpg,d4d2d2,25282d,8b7f7a
https://i.redd.it/tb5pckm6e72y.jpg,d4d5cd,9f9c93,2f2b26
https://i.redd.it/fyqzavufvjwy.jpg,4b3428,d4b291,947764
https://i.redd.it/lsuw4p2ncyny.jpg,ab8048,d0ccc7,412f21
http://i.imgur.com/FApqk3D.jpg,fefffe,35f53,e96814
http://i.imgur.com/TKLs9lo.jpg,fbfbfb,9d9a99,4e3a3c
https://i.redd.it/d8021b5i2moy.jpg,281e21,916247,c8bba4
https://i.redd.it/4m5yk8gjrtzy.jpg,250f0b,c0a598,734a36
https://i.redd.it/xae65ypfqycy.jpg,efebeb,c2453c,723836
http://i.imgur.com/lcEUZHv.jpg,454549,fbfafc,cbbeb7
https://i.redd.it/1nlgrn49x7ry.jpg,756b5b,caba9f,2b261e
http://i.imgur.com/M3NOzLC.jpg,614930,fdfdfb,928c7d
https://i.redd.it/w5q6gldnvcuy.jpg,1f1d2e,e0cfcf,947378
https://i.redd.it/s5viyluv421z.jpg,704c2b,f3e8d0,b9864e
https://i.redd.it/h5t3qddvvzry.jpg,13100e,6f5c4e,ae9c8c
https://i.redd.it/ftd3sx5ah13z.jpg,b25940,d2b7a8,574d49
https://i.redd.it/7ofdqmp53bzy.jpg,d9cbbe,4d3830,a58f78
http://i.imgur.com/sXhEQez.jpg,fafafa,b0b0b,838383
https://i.redd.it/cwljeujku33z.jpg,e4dfda,473f3f,c6a47a
https://i.redd.it/fsuv32a1cc9y.jpg,f8f4f2,4c3733,9f8375
http://i.imgur.com/enhDnTM.jpg,b9a39a,98080,7ba448
http://i.imgur.com/tyDhTll.jpg,221a13,d6cdbe,74674f
http://i.imgur.com/puEqa4C.jpg,8a8493,3a2925,e75135
https://i.redd.it/ihczg3pmle3z.jpg,818c7a,3d473b,a7b09f
https://i.redd.it/cpkq97klre4z.jpg,545344,a4a190,857f6e
http://i.imgur.com/RycdbMO.jpg,8b8d8a,cfd0ca,353e46
https://i.redd.it/sn7ufk9fsv4z.jpg,c1c0bf,4b2829,7f7871
https://i.redd.it/n9jq5j2tatcy.jpg,9f987e,3e3f3c,d4d9d5
https://i.redd.it/0qow2dksb34z.jpg,7d8250,b5b29c,3a4429
http://i.imgur.com/pt9rmrv.jpg,fae8d9,1c2f44,d4a38b
http://i.imgur.com/6pnYQUv.jpg,27292b,a1a2a3,872de
https://i.imgur.com/HRgRMOw.jpg,3f4640,83a4b5,667b62
https://i.redd.it/rubsfuf64lvy.jpg,c3c1bb,90d70,4f4a2f
https://i.redd.it/nrafqoujmety.jpg,c9a8a5,342a28,906956
https://i.redd.it/ru12lvaf7jyy.jpg,342524,977f7d,c2b7ba
https://i.redd.it/c5pk0vnpg3ty.jpg,f5f5f7,6f81cb,1d1e31
http://i.imgur.com/qvnjbVw.jpg,a8adb2,615943,979a9d
https://i.redd.it/ax4eueu0szpy.jpg,968683,c3b6bb,2c3636
https://i.redd.it/guul6eld2soy.jpg,36383f,c4c0ae,887b69
http://i.imgur.com/Gh2I3pq.jpg,cbbaa9,42342a,af9886
https://i.redd.it/m4cfqp8wfv5z.jpg,d4d2d2,25282d,8b7f7a
https://i.redd.it/tb5pckm6e72y.jpg,9f9c93,2f2b26,d4d5cd
https://i.redd.it/fyqzavufvjwy.jpg,d4b291,947764,4b3428
https://i.redd.it/lsuw4p2ncyny.jpg,ab8048,d0ccc7,412f21
http://i.imgur.com/FApqk3D.jpg,35f53,fefffe,e96814
http://i.imgur.com/TKLs9lo.jpg,4e3a3c,fbfbfb,9d9a99
https://i.redd.it/d8021b5i2moy.jpg,916247,c8bba4,281e21
https://i.redd.it/4m5yk8gjrtzy.jpg,c0a598,250f0b,734a36
https://i.redd.it/xae65ypfqycy.jpg,efeaea,c54137,743c3a
http://i.imgur.com/lcEUZHv.jpg,cbbeb7,fbfafc,454549
https://i.redd.it/1nlgrn49x7ry.jpg,caba9f,2b261e,756b5b
http://i.imgur.com/M3NOzLC.jpg,928c7d,fdfdfb,614930
https://i.redd.it/w5q6gldnvcuy.jpg,947378,e0cfcf,1f1d2e
https://i.redd.it/s5viyluv421z.jpg,b9864e,f3e8d0,704c2b
https://i.redd.it/h5t3qddvvzry.jpg,6f5c4e,13100e,ae9c8c
https://i.redd.it/ftd3sx5ah13z.jpg,e4d8ce,8e4736,b97862
https://i.redd.it/7ofdqmp53bzy.jpg,a58f78,4d3830,d9cbbe
http://i.imgur.com/sXhEQez.jpg,fafafa,b0b0b,838383
https://i.redd.it/cwljeujku33z.jpg,e4dfda,c5a47a,473f3f
https://i.redd.it/fsuv32a1cc9y.jpg,9f8375,4c3733,f8f4f2
http://i.imgur.com/enhDnTM.jpg,b9a39a,98080,7ba448
http://i.imgur.com/tyDhTll.jpg,d6cdbe,74674f,221a13
http://i.imgur.com/puEqa4C.jpg,8a8493,3a2925,e75135
https://i.redd.it/ihczg3pmle3z.jpg,a6af9f,384238,7e8977
https://i.redd.it/cpkq97klre4z.jpg,545344,857f6e,a4a190
http://i.imgur.com/RycdbMO.jpg,8c8d8a,353f46,cfd0ca
https://i.redd.it/sn7ufk9fsv4z.jpg,272425,b8b6b2,7c5c57
https://i.redd.it/n9jq5j2tatcy.jpg,9f987e,d4d9d5,3e3f3c
https://i.redd.it/0qow2dksb34z.jpg,7d8250,3a4429,b5b39c
http://i.imgur.com/pt9rmrv.jpg,fae8d9,1c2f44,d4a38b
http://i.imgur.com/6pnYQUv.jpg,6d839b,242528,d1d4d2
https://i.imgur.com/HRgRMOw.jpg,aea694,4a5d4e,5193b7
https://i.redd.it/rubsfuf64lvy.jpg,4f4a2f,c3c1bb,90d70
https://i.redd.it/nrafqoujmety.jpg,342a28,c9a8a5,906956
https://i.redd.it/ru12lvaf7jyy.jpg,2d2120,baaeaf,846561
https://i.redd.it/c5pk0vnpg3ty.jpg,1d1e31,6f81cb,f5f5f7
http://i.imgur.com/qvnjbVw.jpg,a4a8ad,828176,5a513b
https://i.redd.it/ax4eueu0szpy.jpg,2c3636,c3b6bb,968683
https://i.redd.it/guul6eld2soy.jpg,c5c0af,36383f,887b69
http://i.imgur.com/Gh2I3pq.jpg,cbbaa9,42342a,af9886
https://i.redd.it/m4cfqp8wfv5z.jpg,8b7f7a,25282d,d4d2d2
https://i.redd.it/tb5pckm6e72y.jpg,d4d5cd,9f9c93,2f2b26
https://i.redd.it/fyqzavufvjwy.jpg,947764,4b3428,d4b291
https://i.redd.it/lsuw4p2ncyny.jpg,ab8048,412f21,d0ccc7
http://i.imgur.com/FApqk3D.jpg,fefffe,35f53,e96814
http://i.imgur.com/TKLs9lo.jpg,fbfbfb,9d9a99,4e3a3c
https://i.redd.it/d8021b5i2moy.jpg,281e21,c8bba4,916247
https://i.redd.it/4m5yk8gjrtzy.jpg,734a36,c0a598,250f0b
https://i.redd.it/xae65ypfqycy.jpg,723635,f1efef,c14c44
http://i.imgur.com/lcEUZHv.jpg,cbbeb7,454549,fbfafc
https://i.redd.it/1nlgrn49x7ry.jpg,756b5b,caba9f,2b261e
http://i.imgur.com/M3NOzLC.jpg,9e9b8e,a35213,514b3e
https://i.redd.it/w5q6gldnvcuy.jpg,e0cfcf,1f1d2e,947378
https://i.redd.it/s5viyluv421z.jpg,f3e8d0,b9864e,704c2b
https://i.redd.it/h5t3qddvvzry.jpg,6f5c4d,13100e,ae9b8c
https://i.redd.it/ftd3sx5ah13z.jpg,b25940,d2b7a8,574d49
https://i.redd.it/7ofdqmp53bzy.jpg,a58f78,4d3830,d9cbbe
http://i.imgur.com/sXhEQez.jpg,848484,b0b0b,fafafa
https://i.redd.it/cwljeujku33z.jpg,c6a47a,e4dfda,473f3f
https://i.redd.it/fsuv32a1cc9y.jpg,4c3733,f8f4f2,9f8375
http://i.imgur.com/enhDnTM.jpg,b9a39a,98080,7ba448
http://i.imgur.com/tyDhTll.jpg,221a13,d6cdbe,74674f
http://i.imgur.com/puEqa4C.jpg,3a2925,8a8493,e75135
https://i.redd.it/ihczg3pmle3z.jpg,7e8977,a6af9f,384238
https://i.redd.it/cpkq97klre4z.jpg,a4a190,545344,857f6e
http://i.imgur.com/RycdbMO.jpg,353e46,cfd0ca,8b8d8a
https://i.redd.it/sn7ufk9fsv4z.jpg,b8b6b2,7c5c57,272425
https://i.redd.it/n9jq5j2tatcy.jpg,d4d9d5,3e3f3c,9f987e
https://i.redd.it/0qow2dksb34z.jpg,b5b39c,3a4429,7d8250
http://i.imgur.com/pt9rmrv.jpg,626472,f6dcc9,e101a
http://i.imgur.com/6pnYQUv.jpg,872de,27292b,a1a2a3
https://i.imgur.com/HRgRMOw.jpg,3f4640,83a4b5,667b62
https://i.redd.it/rubsfuf64lvy.jpg,3b393c,b3ac9c,dce4ee
https://i.redd.it/nrafqoujmety.jpg,342a28,c9a8a5,906956
https://i.redd.it/ru12lvaf7jyy.jpg,baaeaf,2d2120,846561
https://i.redd.it/c5pk0vnpg3ty.jpg,6f81cb,f5f5f7,1e1f31
http://i.imgur.com/qvnjbVw.jpg,a8adb2,615943,979a9d
https://i.redd.it/ax4eueu0szpy.jpg,968684,2d3637,c3b6bb
https://i.redd.it/guul6eld2soy.jpg,404043,989485,e0560e
http://i.imgur.com/Gh2I3pq.jpg,c2ad9b,362820,766150
https://i.redd.it/m4cfqp8wfv5z.jpg,d4d2d2,25282d,8b7f7a
https://i.redd.it/tb5pckm6e72y.jpg,9f9c93,2f2b26,d4d5cd
https://i.redd.it/fyqzavufvjwy.jpg,4b3428,d4b191,947764
https://i.redd.it/lsuw4p2ncyny.jpg,ab8048,412f21,d0ccc7
http://i.imgur.com/FApqk3D.jpg,fefffe,35f53,e96814
http://i.imgur.com/TKLs9lo.jpg,fbfbfb,9d9a99,4e3a3c
https://i.redd.it/d8021b5i2moy.jpg,281e21,c8bba4,916247
https://i.redd.it/4m5yk8gjrtzy.jpg,734a36,250f0b,c0a598
https://i.redd.it/xae65ypfqycy.jpg,f3f2f2,9e3a33,b89695
http://i.imgur.com/lcEUZHv.jpg,cbbeb7,454549,fbfafc
https://i.redd.it/1nlgrn49x7ry.jpg,2b261e,756b5b,caba9f
http://i.imgur.com/M3NOzLC.jpg,928c7d,614930,fdfdfb
https://i.redd.it/w5q6gldnvcuy.jpg,947378,1f1d2e,e0cfcf
https://i.redd.it/s5viyluv421z.jpg,704c2b,f3e8d0,b9864e
https://i.redd.it/h5t3qddvvzry.jpg,13100e,6f5c4e,ae9c8c
https://i.redd.it/ftd3sx5ah13z.jpg,b25940,d2b7a8,574d49
https://i.redd.it/7ofdqmp53bzy.jpg,4d3830,a58f78,d9cbbe
http://i.imgur.com/sXhEQez.jpg,b0b0b,fafafa,838383
https://i.redd.it/cwljeujku33z.jpg,e4dfda,c5a47a,473f3f
https://i.redd.it/fsuv32a1cc9y.jpg,f8f4f2,4c3733,9f8375
http://i.imgur.com/enhDnTM.jpg,b9a39a,98080,7ba448
http://i.imgur.com/tyDhTll.jpg,221a13,d6cdbe,74674f
http://i.imgur.com/puEqa4C.jpg,8a8493,3a2925,e75135
https://i.redd.it/ihczg3pmle3z.jpg,a7b09f,818c7a,3d473b
https://i.redd.it/cpkq97klre4z.jpg,a4a190,545344,857f6e
http://i.imgur.com/RycdbMO.jpg,8b8d8a,cfd0ca,353e46
https://i.redd.it/sn7ufk9fsv4z.jpg,c1bfbe,4a2828,7f7871
https://i.redd.it/n9jq5j2tatcy.jpg,3e3f3c,d4d9d5,9f987e
https://i.redd.it/0qow2dksb34z.jpg,3a4429,b5b39c,7d8250
http://i.imgur.com/pt9rmrv.jpg,fae8d9,1c2f44,d4a38b
http://i.imgur.com/6pnYQUv.jpg,872de,a1a2a3,27292b
https://i.imgur.com/HRgRMOw.jpg,81a2b3,465d55,b7943e
https://i.redd.it/rubsfuf64lvy.jpg,b3ac9c,3b393c,dce4ee
https://i.redd.it/nrafqoujmety.jpg,906956,342a28,c9a8a5
https://i.redd.it/ru12lvaf7jyy.jpg,846561,2d2120,baaeaf
https://i.redd.it/c5pk0vnpg3ty.jpg,6f81cb,f5f5f7,1d1e31
http://i.imgur.com/qvnjbVw.jpg,828176,a4a8ad,5a513b
https://i.redd.it/ax4eueu0szpy.jpg,c3b6bb,2c3637,968684
https://i.redd.it/guul6eld2soy.jpg,887b69,c4c0ae,36383f
http://i.imgur.com/Gh2I3pq.jpg,af9886,42342a,cbbaa9
https://i.redd.it/m4cfqp8wfv5z.jpg,d4d2d2,25282d,8b7f7a
https://i.redd.it/tb5pckm6e72y.jpg,9f9c93,2f2b26,d4d5cd
https://i.redd.it/fyqzavufvjwy.jpg,947764,4b3428,d4b291
https://i.redd.it/lsuw4p2ncyny.jpg,d0ccc7,412f21,ab8048
http://i.imgur.com/FApqk3D.jpg,fefffe,35f53,e96814
http://i.imgur.com/TKLs9lo.jpg,fbfbfb,9d9a99,4e3a3c
https://i.redd.it/d8021b5i2moy.jpg,916247,281e21,c8bba4
https://i.redd.it/4m5yk8gjrtzy.jpg,250f0b,c0a598,734a36
https://i.redd.it/xae65ypfqycy.jpg,723635,f1efef,c14c44
http://i.imgur.com/lcEUZHv.jpg,fbfafc,454549,cbbeb7
https://i.redd.it/1nlgrn49x7ry.jpg,756b5b,caba9f,2b261e
http://i.imgur.com/M3NOzLC.jpg,928c7d,614930,fdfdfb
https://i.redd.it/w5q6gldnvcuy.jpg,947378,1f1d2e,e0cfcf
https://i.redd.it/s5viyluv421z.jpg,704c2b,f3e8d0,b9864e
https://i.redd.it/h5t3qddvvzry.jpg,6f5c4d,ae9b8c,13100e
https://i.redd.it/ftd3sx5ah13z.jpg,b25940,d2b7a8,574d49
https://i.redd.it/7ofdqmp53bzy.jpg,a58f78,d9cbbe,4d3830
http://i.imgur.com/sXhEQez.jpg,fafafa,b0b0b,848484
https://i.redd.it/cwljeujku33z.jpg,e4dfda,c6a47a,473f3f
https://i.redd.it/fsuv32a1cc9y.jpg,4c3733,f8f4f2,9f8375
http://i.imgur.com/enhDnTM.jpg,b9a39a,7ba448,98080
http://i.imgur.com/tyDhTll.jpg,221a13,d6cdbe,74674f
http://i.imgur.com/puEqa4C.jpg,8a8493,3a2925,e75135
https://i.redd.it/ihczg3pmle3z.jpg,7e8977,a6af9f,384238
https://i.redd.it/cpkq97klre4z.jpg,545344,a4a190,857f6e
http://i.imgur.com/RycdbMO.jpg,cfd0ca,353e46,8b8d8a
https://i.redd.it/sn7ufk9fsv4z.jpg,7c5c57,b8b6b2,272425
https://i.redd.it/n9jq5j2tatcy.jpg,3e3f3c,d4d9d5,9f987e
https://i.redd.it/0qow2dksb34z.jpg,7d8250,3a4429,b5b39c
http://i.imgur.com/pt9rmrv.jpg,fae8d9,1c2f44,d4a38b
http://i.imgur.com/6pnYQUv.jpg,a1a2a3,27292b,872de
https://i.imgur.com/HRgRMOw.jpg,4b4d45,a7a89c,488790
https://i.redd.it/rubsfuf64lvy.jpg,b3ac9c,3b393c,dce4ee
https://i.redd.it/nrafqoujmety.jpg,906956,342a28,c9a8a5
https://i.redd.it/ru12lvaf7jyy.jpg,baaeaf,2d2120,846561
https://i.redd.it/c5pk0vnpg3ty.jpg,6f81cb,f5f5f7,1d1e31
http://i.imgur.com/qvnjbVw.jpg,979a9d,615943,a8adb2
https://i.redd.it/ax4eueu0szpy.jpg,c3b6bb,2d3637,968684
https://i.redd.it/guul6eld2soy.jpg,c5c0af,36383f,887b69
http://i.imgur.com/Gh2I3pq.jpg,cbbaa9,42342a,af9886
https://i.redd.it/m4cfqp8wfv5z.jpg,d4d2d2,25282d,8b7f7a
https://i.redd.it/tb5pckm6e72y.jpg,9f9c93,2f2b26,d4d5cd
https://i.redd.it/fyqzavufvjwy.jpg,d4b291,4b3428,947764
https://i.redd.it/lsuw4p2ncyny.jpg,412f21,d0ccc7,ab8048
http://i.imgur.com/FApqk3D.jpg,fefffe,35f53,e96814
http://i.imgur.com/TKLs9lo.jpg,fbfbfb,4e3a3c,9d9a99
https://i.redd.it/d8021b5i2moy.jpg,281e21,c8bba4,916247
https://i.redd.it/4m5yk8gjrtzy.jpg,250f0b,734a36,c0a598
https://i.redd.it/xae65ypfqycy.jpg,f1efef,c14c44,723635
http://i.imgur.com/lcEUZHv.jpg,fbfafc,454549,cbbeb7
https://i.redd.it/1nlgrn49x7ry.jpg,2b261e,756b5b,caba9f
http://i.imgur.com/M3NOzLC.jpg,928c7d,614930,fdfdfb
https://i.redd.it/w5q6gldnvcuy.jpg,947378,1f1d2e,e0cfcf
https://i.redd.it/s5viyluv421z.jpg,b9864e,f3e8d0,704c2b
https://i.redd.it/h5t3qddvvzry.jpg,13100e,ae9b8c,6f5c4d
https://i.redd.it/ftd3sx5ah13z.jpg,b25940,574d49,d2b7a8
https://i.redd.it/7ofdqmp53bzy.jpg,a58f78,4d3830,d9cbbe
http://i.imgur.com/sXhEQez.jpg,fafafa,b0b0b,838383
https://i.redd.it/cwljeujku33z.jpg,e4dfda,c5a47a,473f3f
https://i.redd.it/fsuv32a1cc9y.jpg,9f8375,4c3733,f8f4f2
http://i.imgur.com/enhDnTM.jpg,b9a39a,98080,7ba448
http://i.imgur.com/tyDhTll.jpg,d6cdbe,74674f,221a13
http://i.imgur.com/puEqa4C.jpg,e75135,8a8493,3a2925
https://i.redd.it/ihczg3pmle3z.jpg,a7b09f,3d473b,818c7a
https://i.redd.it/cpkq97klre4z.jpg,545344,857f6e,a4a190
http://i.imgur.com/RycdbMO.jpg,353f46,cfd0ca,8c8d8a
https://i.redd.it/sn7ufk9fsv4z.jpg,4b2829,7f7871,c1c0bf
https://i.redd.it/n9jq5j2tatcy.jpg,9f987e,3e3f3c,d4d9d5
https://i.redd.it/0qow2dksb34z.jpg,3a4429,7d8250,b5b39c
http://i.imgur.com/pt9rmrv.jpg,fae8d9,1c2f44,d4a38b
http://i.imgur.com/6pnYQUv.jpg,6d839b,d1d4d2,242528
https://i.imgur.com/HRgRMOw.jpg,81a2b3,465d55,b7943e
https://i.redd.it/rubsfuf64lvy.jpg,3b393c,b3ac9c,dce4ee
https://i.redd.it/nrafqoujmety.jpg,342a28,c9a8a5,906956
https://i.redd.it/ru12lvaf7jyy.jpg,342524,c2b7ba,977f7d
https://i.redd.it/c5pk0vnpg3ty.jpg,6f81cb,f5f5f7,1d1e31
http://i.imgur.com/qvnjbVw.jpg,828176,a4a8ad,5a513b
https://i.redd.it/ax4eueu0szpy.jpg,c3b6bb,968684,2d3637
https://i.redd.it/guul6eld2soy.jpg,c4c0ae,36383f,887b69
http://i.imgur.com/Gh2I3pq.jpg,766150,c2ad9b,362820
https://i.redd.it/m4cfqp8wfv5z.jpg,8b7f7a,d4d2d2,25282d
https://i.redd.it/tb5pckm6e72y.jpg,d4d5cd,2f2b26,9f9c93
https://i.redd.it/fyqzavufvjwy.jpg,4b3428,947764,d4b291
https://i.redd.it/lsuw4p2ncyny.jpg,ab8048,d0ccc7,412f21
http://i.imgur.com/FApqk3D.jpg,e96814,fefffe,35f53
http://i.imgur.com/TKLs9lo.jpg,fbfbfb,9d9a99,4e3a3c
https://i.redd.it/d8021b5i2moy.jpg,916247,c8bba4,281e21
https://i.redd.it/4m5yk8gjrtzy.jpg,734a36,250f0b,c0a598
https://i.redd.it/xae65ypfqycy.jpg,b89695,9e3a33,f3f2f2
http://i.imgur.com/lcEUZHv.jpg,fbfafc,cbbeb7,454549
https://i.redd.it/1nlgrn49x7ry.jpg,756b5b,2b261e,caba9f
http://i.imgur.com/M3NOzLC.jpg,614930,928c7d,fdfdfb
https://i.redd.it/w5q6gldnvcuy.jpg,e0cfcf,1f1d2e,947378
https://i.redd.it/s5viyluv421z.jpg,b9864e,f3e8d0,704c2b
https://i.redd.it/h5t3qddvvzry.jpg,ae9c8c,13100e,6f5c4e
https://i.redd.it/ftd3sx5ah13z.jpg,b25940,d2b7a8,574d49
https://i.redd.it/7ofdqmp53bzy.jpg,a58f78,d9cbbe,4d3830
http://i.imgur.com/sXhEQez.jpg,b0b0b,fafafa,848484
https://i.redd.it/cwljeujku33z.jpg,e4dfda,c6a47a,473f3f
https://i.redd.it/fsuv32a1cc9y.jpg,9f8375,4c3733,f8f4f2
http://i.imgur.com/enhDnTM.jpg,b9a39a,98080,7ba448
http://i.imgur.com/tyDhTll.jpg,221a13,d6cdbe,74674f
http://i.imgur.com/puEqa4C.jpg,8a8493,3a2925,e75135
https://i.redd.it/ihczg3pmle3z.jpg,a7b09f,3d473b,818c7a
https://i.redd.it/cpkq97klre4z.jpg,857f6e,545344,a4a190
http://i.imgur.com/RycdbMO.jpg,cfd0ca,353e46,8b8d8a
https://i.redd.it/sn7ufk9fsv4z.jpg,c1c0bf,4b2829,7f7871
https://i.redd.it/n9jq5j2tatcy.jpg,d4d9d5,3e3f3c,9f987e
https://i.redd.it/0qow2dksb34z.jpg,7d8250,3a4429,b5b29c
http://i.imgur.com/pt9rmrv.jpg,fae8d9,1c2f44,d4a38b
http://i.imgur.com/6pnYQUv.jpg,27292b,a1a2a3,872de
https://i.imgur.com/HRgRMOw.jpg,a7a89c,4b4d45,488790
https://i.redd.it/rubsfuf64lvy.jpg,c3c1bb,4f4a2f,90d70
https://i.redd.it/nrafqoujmety.jpg,342a28,c9a8a5,906956
https://i.redd.it/ru12lvaf7jyy.jpg,846561,baaeaf,2d2120
https://i.redd.it/c5pk0vnpg3ty.jpg,6f81cb,1d1e31,f5f5f7
http://i.imgur.com/qvnjbVw.jpg,828176,a4a8ad,5a513b
https://i.redd.it/ax4eueu0szpy.jpg,968683,c3b6bb,2c3636
https://i.redd.it/guul6eld2soy.jpg,4d412e,9d9280,a3fb3
http://i.imgur.com/Gh2I3pq.jpg,c2ad9b,362820,766150
https://i.redd.it/m4cfqp8wfv5z.jpg,d4d2d2,25282d,8b7f7a
https://i.redd.it/tb5pckm6e72y.jpg,2f2b26,d4d5cd,9f9c93
https://i.redd.it/fyqzavufvjwy.jpg,d4b191,4b3428,947764
https://i.redd.it/lsuw4p2ncyny.jpg,412f21,d0ccc7,ab8048
http://i.imgur.com/FApqk3D.jpg,fefffe,35f53,e96814
http://i.imgur.com/TKLs9lo.jpg,fbfbfb,9d9a99,4e3a3c
https://i.redd.it/d8021b5i2moy.jpg,281e21,916247,c8bba4
https://i.redd.it/4m5yk8gjrtzy.jpg,734a36,250f0b,c0a598
https://i.redd.it/xae65ypfqycy.jpg,723836,efebeb,c2453c
http://i.imgur.com/lcEUZHv.jpg,cbbeb7,454549,fbfafc
https://i.redd.it/1nlgrn49x7ry.jpg,2b261e,caba9f,756b5b
http://i.imgur.com/M3NOzLC.jpg,fdfdfb,928c7d,614930
https://i.redd.it/w5q6gldnvcuy.jpg,1f1d2e,e0cfcf,947378
https://i.redd.it/s5viyluv421z.jpg,b9864e,f3e8d0,704c2b
https://i.redd.it/h5t3qddvvzry.jpg,13100e,6f5c4e,ae9c8c
https://i.redd.it/ftd3sx5ah13z.jpg,b25940,d2b7a8,574d49
